name,email
Demetrius Abbott,qrnpkjthl@mozmail.com
Sebastian Vigil,zwn5rws74@mozmail.com
Shiann Kimble,023h0cvau@mozmail.com
Justin Herrera,2zxxkn6fp@mozmail.com
Gabriella Reichert,pveuvqr92@mozmail.com
Douglas Prakhine,3i8xoneah@mozmail.com
Nicole Annan,i9dsv36ec@mozmail.com
Aschtun Moua,e05009ug3@mozmail.com
Davaughn Mullett,iyklz7t8h@mozmail.com
Ce'Vonn Newton III,zykozvco5@mozmail.com
Noah Cotter,e78q6j59c@mozmail.com
Jamile Taylor,udw29h842@mozmail.com
Desean Wilson,54x1s7ts5@mozmail.com
Tavier Hall,nr9urnd0o@mozmail.com
Michael Shoeboot,5q8m8wxr4@mozmail.com
Zain al-Ghattas,smgl8yw8l@mozmail.com
Jaren Dozier,q1s3czkwf@mozmail.com
Jeremy Saenz,hoxkkfvom@mozmail.com
Devon Pooser,d8jgfindf@mozmail.com
Cecilia Quezada,8m58as3fb@mozmail.com
Lucile Garcia,80xaiqzdy@mozmail.com
Anna Smith,3uesfezzs@mozmail.com
Stephen Vanacore,vt0ro7fnu@mozmail.com
Caleel Wilson,txggs7ki2@mozmail.com
Hanaaa al-Haq,zwx7gkzcs@mozmail.com
Abigayle Vossler,2a11fnxbr@mozmail.com
Jessica Walker,zgfvpx37q@mozmail.com
Shaddaad el-Shah,px4oe0gvx@mozmail.com
Tayyib al-Kazmi,uvj0jjrqn@mozmail.com
Allison Apodaca-Anaya,bs3gioheg@mozmail.com
Saleet al-Abdou,lkzaqu5n4@mozmail.com
Lisa Ho,zgjg9x44v@mozmail.com
Julia Cheung,e76s2msge@mozmail.com
Hadeel el-Tabet,3j5seqv3g@mozmail.com
Tyler Kitta,n9ia5kwba@mozmail.com
Jeffrey Nolan,oobgiy8yj@mozmail.com
Koren Loyd,6qq0tnjtz@mozmail.com
Nathan Salas,ugpb08rp0@mozmail.com
Tanisha Gomez,5ndza30vg@mozmail.com
Ahlaam el-Sattar,k615bj5di@mozmail.com
Dallas Howe,rvql6rq8l@mozmail.com
Amy Yu,k9hh0lfp4@mozmail.com
Zufar el-Agha,5lxifswb6@mozmail.com
Shihaab el-Hariri,ffoh9f6g2@mozmail.com
Kiara Selby,6yyposspj@mozmail.com
Jernayiah Gamble,nhq5alwvg@mozmail.com
Brittany Punjabi,ldr0ox58g@mozmail.com
Thomas Pablo Truong,lj42qmtbh@mozmail.com
Kaleb King,6cpslf0te@mozmail.com
Luke Stacy,fuhujlwbc@mozmail.com
Katrina Weber,nr5wh201i@mozmail.com
Joshua Serrano,iv3n8mq70@mozmail.com
Kellie Yang,y8tbn8q5w@mozmail.com
Edward Pasillas,g9n81ira0@mozmail.com
Mus'ab el-Kader,v1791stes@mozmail.com
Daniel Robles,bbfry1j6n@mozmail.com
Rashaan Culpepper,7kx9sj1dt@mozmail.com
Kathryn Geiger,hnx4ca93a@mozmail.com
